Last,First,Date,Pro
Aderhold,Ezra,1997,
Ahart,John,,
Albright,Dallas,,2006
Amann,Stanislaus,1996,
Anthon,Josh,1982,2001
Anderson,Joseph,2003,
Anttila,Niklas,2001,
Arlyn,Dion,,2006
Arthur,Phil,8/16/1969,1993
Arlinghaus,Zach,6/25/2003,
�sgeirsson,Bl�r �rn,2002,
Bagwell,Todd,1988,2012
Bailey,Collin,1985,2014
Bainbridge,Robert,1969,
Baldwin,Jonathan,1969,2004
Barela,Anthony,2000,2016
Barham,Tim,,2013
Barr,Tim,1966,
Barsby,Gregg,2/15/1987,2003
Beaver,Alan,1952,1983
Becker,Chris,,2012
Bell,Matt,4/20/1988,2012
Bellaire,Stephen,1994,2015
Bennett,Geoff,,2005
Bierekoven,Ziggy,,2007
Billings,Derek,,2006
Bitney,Lewis,1988,2013
Blazek,Patrick,,2006
Boehmer,Brad,1974,
Bohme,Andrew,,2008
Bowers,Logan,,2012
Bradshaw,Cody,8/19/1985,2013
Branch,Todd,,
Brathwaite,Philo,1980,2006
Brinster,Steve,8/2/1980,1997
Brooks,Crazy'John,1959,1982
Brown,Lance,,2013
Brown,Patrick,1968,2008
Budge,Ryan,1995,
Buhr,Gannon,2005,
Bunnell,Justin,11/2/1982,
Burridge ,Robert,10/4/1954,
Callaway,Ben ,3/1/2001,
Calvin,Clint,1994,
Carey,AJ,5/30/1995,
Carlsson,Linus,3/14/1999,
Carr,Jason,,2012
Carter,Collin,,2016
Castro,Jordan,,2015
Childs,Josh,2/4/1985,2006
Chumley,Travis,1997,2015
Clemons,Chris,3/23/1988,2014
Climo,Ken,3/27/1968,1988
Cole,James,,2009
Colglazier,Cameron,1992,2011
Conlee,Mike,1990,2012
Conrad,James,1990,2006
Convers,Ron,,1995
Cowperthwait,Bobby,,2003
Crabtree,Kyle,9/22/1984,2005
Criss,Shasta,10/15/1976,2006
Custard,Cody,,2010
Cutler,Craig,,2004
Dahlgren,Emil,1983,2006
Davidsson,Daniel,2003,
Dickerson,Chris,11/16/1993,2014
Dietrich,Christian,1982,2006
Dollar,Matt,9/28/,2005
Dore,Jason,,2008
Doss,Nate,1985,2000
Doyle,Aaron,1997,2013
Dropcho,J. Gary,1957,
Dunipace,Dave,1949,
Duvall,Harold,1962,1982
Eads,Chris,,2008
Eckmann,Kyle,,2011
Ellis,Corey,1997,
Ekstrom,Tomas,1970,
Eshelman,Jere,,2005
Feldberg,David,4/6/1977,2000
Ferrans,Sam,1967,1984
Ferro,Tony,1983,2009
Fish,Andrew,,2013
Ford,Mason,1997,
Forehand,Colin,5/15/1987,2013
Frederick,Devin,7/15/1984,2003
Freeman,Joel,1994,
Freysson,Mikael Mani,1998,
Fry,Chandler,,2008
Fuhrman,Cyrus,,2009
Gastin,Mike,,2006
Geisinger,Alex,3/27/1992,2012
Gibney,Michael,1989,2015
Gibson,Drew,2/2/1996,2013
Gilbert,Thomas,6/22/1905,
Gill,Timmy,,1996
Gleason,Kevin,1978,
Goodpasture,Charlie,3/29/1988,2009
Gossage,Aaron ,6/19/1905,
Gouge,Sylvain,,2006
Grady,Tyler,,2013
Grider,Nolan,,1998
Greenwell,David,1953,
Groth,Micah,2005,
Guice,Coby,,2014
Gurthie,Garrett,11/9/1989,2004
Hakstad,St�le,,2010
Hakulinen,Lassi,,2013
H�land,Knut,1999,
Hammersten,Matt,1992,
Hammes,Adam,1999,2016
Hammock,Brad,,1991
Hannum,Austin,1992,2015
Harpool,Logan,1994,
Harris ,Alden,2000,
Hastings,Dan,1991,2011
Headrick,Steady'Ed,1924,1983
Heeren,Chris,,2002
Heimburg,Calvin,6/2/1995,2013
Hendel,Martin,1984,2009
Henson,Jacob,9/12/1999,2015
Hirsim�ki,Janne,1978,2011
Horne,Tyler,,2001
Horst,Dylan,,2012
Hosfeld,Gregg,9/13/1958,1983
Hyvönen,Sami-Pekka,2012,
House,Matt,,2013
Humphries,Luke ,1987,
Isaacs,Weston,1989,2010
Jarnes,�yvind,1996,
Jenkins,Avery,1978,2000
Johansen,Michael,1979,2002
Johansen,Henrik,3/7/1986,2010
Johnson,Zackeriath,12/30/1990,2012
Johnson,Ray,,1996
Jones,Kevin,7/1/1996,2015
Kajiyama,Manabu,5/16/1985,2004
K�llstr�m,Markus,,1998
Keegan,Dustin,2/26/1986,2010
Keith,Emerson,1998,2016
Kester IV,J.C.,,2009
Kieffer III,Kevin,2002,
Kiep,Jamie,,2015
Kikuchi,Tetsuya,5/7/1979,2004
Klein,Kyle,2002,
Koivu,Pasi,1989,2010
Koling,Jeremy,10/2/1985,2008
Konsorr,Kevin,1995,
Kraus,Wolfgang,1962,
Kuitunen,Joonas,1988,
Kull,Marion,1985,
Kuoksa,Kristian,2002,
Kveseth,H�kon,,2015
Lammers,Justin,,2015
L�tt,Silver,1/26/1992,2014
Legee,Cooper,,2014
Lehousse,Marco,1969,
Lehtinen,Lauri,2002,
Leiviska,Cale,5/18/1983,2004
Liebman,Tyler,1988,
Lincoln,Cameron,,2010
Litchfield,James,1985,
Lizotte,Simon,11/17/1992,2008
Locastro,Nikko,9/16/1988,2006
Lockwood,Robert,1983,
Long,Nathan,,2015
Lonnquist,Calvin,2005,
Lunde,Peter,2000,
Lundmark,Jesper,1981,1999
Lutz,Joey,5/23/1991,2011
Mäkelä ,Väinö ,9/20/1998,
Mathinsen,Jon,1972,
Martin,Scott,,1992
Marwede,Andrew,1996,
Masters,Nicholas,5/26/1997,2015
McBeth,Paul,7/9/1990,2007
McBride,Peter,9/3/1995,2013
McCabe,Eric,2/14/1978,2000
McClellan,Mitch,1962,
McCoy,Kevin,7/5/1974,
McCray,JohnE,5/10/1972,1997
McRee,Brian,1967,
McDonald,Izak,,2016
McMahon,Eagle Wynne,1998,2012
Mela,Joe,1961,1986
Melton,Zach,11/15/1987,2010
Messerschmidt,Cameron,8/20/1995,2015
Miller,Brody,,2005
M�kkelgjerd,Espen,1979,
Monroe,Tom,1947,
Montgomery,Colton,1995,
Moser,Mike,1970,1992
Moulton,Michael,1999,2014
M�ller,Stephan,,2008
Musick,Bobby,6/23/1983,1999
Napier,Dutch,1981,2008
Nichols,Max,1990,2011
Nissinen,Teemu,3/18/1994,2010
Nybo,Karl Johan,1978,2006
Oakley,Eric,1988,2014
Oates,Jim,4/3/1961,
O�Reilly,Connor,1992,
Oman,Paul,1984,2008
Orum,Matt,11/25/1987,2002
Owens,Devan,1989,2007
Paju,Seppo,1994,2011
Palmeri,Jim,1942,
Parviainen,Juho,2/21/1986,2006
Perkins,Nate,1993,2014
Perry,Dustin,1986,2010
Perry,Jon,,2009
Pfaff,Austin,1996,2013
Piippo,Ville,1972,2005
Piironen,Leo,1993,2010
Pinkal,Jason,1975,
Plaue,Christian,1988,
Polk,Daniel,1979,2007
Presnell,Andrew,4/16/1992,2015
Privette,Mitchell,1987,2012
Proctor,James,2/8/1995,2011
Queen,Nathan,12/15/1989,2014
Rathbun,Gavin,1/14/1998,2016
Rainey,Eric,1960,
Ramirez,JD,1974,
Reading,Jay,1970,2001
Rico,Steve,1/1/1979,1993
Risley,A.J.,1991,2013
Roan,Jared,,2012
Robinson,Isaac,2001,
Rosenqvist,Tomas,1992,2013
Rovere,Joe,10/8/1977,2007
Russell,Alex,1994,
Russell,Ron,,1995
Sanders,Jacob,1999,
Semer�d,Jakub,1999,
Schick,Brad,6/23/1977,1995
Schultz,Barry,1970,1993
Schusterick,Will,5/4/1992,2007
Schweberger,Brian,4/11/1973,1998
Schultz,Silas ,3/1/2003,
Scott,Evan ,3/1/2005,
Seaborn,Miles,6/12/1985,2007
Semerad,Jakub,3/1/1999,
Sexton,Nate,5/4/1985,2004
Sheehan,Kevin,2001,2017
Shotwell,Chris,,2010
Shue,Grady,8/16/1995,2016
Sias,Johnny,1952,1981
Sikanen,Arttu,1987,2007
Skellenger,Tim,,2005
Smethers,Ted,1955,
Smith,Brodie,1987,
Smith,Don,1976,2001
Smith,Evan,2004,
Smith,George,1971,
Somby,Lars,,
Spliid,Kristian,1988,2010
Spliid,Martin,,2010
Sprague,Chris,1975,2000
Stampfer,Dominik,1993,2011
Stokely,Scott,8/29/1969,1986
Stoor,Jalle,10/1/1990,2007
Tamm,Albert,1998,
Tanner,Tristan,1999,
Tannock,Dean,9/20/1962,1987
Taylor,Luke ,3/1/2006,
Te Awhitu,Hemi,,
Tetzel,Marvin,10/2/1996,2016
Tillman,Bo,2/19/1993,2013
Tipton,Sullivan,6/23/1905,
Tittle,Matt,1970,
Todd,Cam,1/18/1974,1998
T�hk,Mats-Eerik,1998,
Torfason,Andri,2006,
Turner,Austin,6/25/1998,2015
Ulibarri,Paul,9/7/1988,2006
Ulibarri,Pete,1979,2011
Ulvinen,Carl,1990,
Vallance,Dillon,1993,
Vicich,Dana,1984,2007
Voakes,Rick,5/19/1949,
Warfield,Chris,,2016
Watson,Jeff,,
Wagner,Alan,1982,
Waugh,Chris,,2008
Welck,Parker,1998,
Webster,Kyle,1990,2013
Wegryn,Nate,,2013
Wessel,Luke,1987,
White ,Casey,2000,
Widden,Troy,,2009
Wiggins,David,4/23/1995,2010
Wilkes,Kyle,1974,
Williams,Bradley,1986,2008
Wisecup,Steve,7/31/1955,1985
Withers,Scott,5/30/1986,2009
Wolfe,Lavone,1954,1983
Wright,Casey,,2012
Wysocki,Ricky,6/5/1993,2010
Allen,Jennifer,1980,2000
Allen,Catrina,1985,2010
Ananda,Sai,3/3/1996,2016
Andyke,Zoe,11/28/1983,2012
Bailey,Melodie,1/23/1981,2008
B�rtkov�,Eli�ka,2001,
Beach,Emily,1999,
Berlogar,Carrie,,1998
Bjerkaas,Paige,1997,2011
Blomroos,Henna,2000,2014
Bodov�,Katka,,2014
Bradley,Valerie,,2009
Bradley,Nicole,,2012
Buzzingham,Shawna,,2012
Bygde,Lewis Ragna,5/31/1989,2007
Cameron,Denise,1985,2015
Cannon,Courtney,,2016
Carr-Sypien,Liz,,2007
Chambers,Vanessa,1958,
Childs,Haley,,2015
Cox,Rebecca,6/13/1996,2011
Cunningham,Sarah,1981,2006
Dionisio,Nicole,6/24/1986,2015
Eskelinen,Jenni,,2013
Fajkus,Lisa,9/22/1986,2009
Farrow,Abigail,,
Finley,Holly,,2012
Frazer,Michelle,,2013
Gast,Sandy,1956,
Gold,Kristina,,2012
Grace,Autumn,,2016
Grund�n,Camilla,,
Hale,Ramona,,
Halstead,Jackolyn,,2013
Hendel,Sandi,,2016
Hill,Jessica,1988,2015
Hokom,Sarah,12/6/1982,2008
Hollok�i,Natalie,,2010
Iwasaki,Mayu,,2008
Jackson,Marie,,1983
Jenkins,Valarie,5/6/1986,2004
Jennings,Christine,1993,
Johnson,Erica,1986,2012
Johnson,Nicole,,2014
Kettunen,Anne,,2014
King,Kristine,,2006
King,Elaine,11/1/1961,1985*1987
King,Haley,,
Korver,Juliana,1971,1995
Kreml,Anni,1961,1986
Lagerholm,Brigitta,1974,
Lamberson,Sara,,2014
Larkin/Cosgrove,Nadine,,
Leatherman,Hannah,1984,2011
Lewis,Amy,,2014
Lindholm,Sini,,2017
Linthicum,Christina,,2014
Lopez,Liz,,2007
Mandujano,Valerie,1999,
Martin,Melissa,,2008
McCoy,Courtney,1977,2001
McGibbon,Jennifer,,2015
McMorran,Callie,1997,
Mistler,Teresa,,
Moore,Kristi,,
Muth,Kelly,,2010
Nowels,Karina,,2012
O'Cleary,Chris,,
Oliva,Maria,10/29/1997,2014
Panis,Kona Star,1998,
Pierce,Paige,5/31/1991,2009
Powell,Becky,,
Reading,Des,1972,2000
Reineke,Pam,1962,1992
Rogers,Azrielle,,2016
Salonen,Eveliina,9/3/1999,2015
Schiller,Amy,,
Scoggins,Ohn,8/10/1981,2012
Sexton ,Nate,6/6/1985,
Sharp,Mandy,,2010
Simons,Suzette,,
Staalesen,Katarina,1995,
Stanaitis,Tina,,2016
Steele,Ruth,,
Stephens,Susan,,1997
Stinchcomb,Erika,1992,
Stokely,Scott ,3/21/1969,
Sweetten,Cassie,1984,
Tanner,Beth,,
Tattar,Kristin,1992,2015
Thomas,McKayla,,2012
Todd,Lesli,,1997
Tschiggfrie,Angela,,
Turtiainen,Niina,,2014
Ugalde,Tita,1959,1986
Van De Venter,Vanessa,,2012
Van Dyken,Vanessa,,2014
Vincent,Stephanie,,2011
Waibel,Melody,8/7/1985,2007
Walker,Madison,1988,2013
Weese,Jessica,1995,2012
WestBell,Jessie,,2009
White,Barrett,,2000
Widboom,Ellen,1984,2014
Wilmerding,Kelsey,,2008
Zaccone,Amanda,,2014
Zimmerman,Heather,,2018
